name,address,phone,website,rating,reviews_count,category,google_maps_url
Medstar Multispecialty Clinic - We have best Doctor in Chandigarh,"Sco 3-4-5-6 New, adjacent gali no.1, near Government Senior Secondary School, Burail, Ekta Market, Burail Village, Sector 45, Chandigarh, 160047 ",095015 94424 ,https://click2cure.com/mohit-cardiologist-chandigarh/,5.0,59,Medical clinic,"https://www.google.com/maps/place/Medstar+Multispecialty+Clinic+-+We+have+best+Doctor+in+Chandigarh/@30.7373214,76.784464,13z/data=!4m10!1m2!2m1!1smedical+clinics++in+Chandigarh!3m6!1s0x390fed5d92bcc3d3:0x1385efe219da37e8!8m2!3d30.7073131!4d76.7575621!15sCh5tZWRpY2FsIGNsaW5pY3MgIGluIENoYW5kaWdhcmhaHyIdbWVkaWNhbCBjbGluaWNzIGluIGNoYW5kaWdhcmiSAQ5tZWRpY2FsX2NsaW5pY5oBJENoZERTVWhOTUc5blMwVkpRMEZuU1VRMU5ITlBRWEpSUlJBQuABAPoBBAgAECU!16s%2Fg%2F11kjg66fw5?entry=ttu&g_ep=EgoyMDI2MDcyMi4wIKXMDSoASAFQAw%3D%3D"
Apollo Clinic,"SCO 10, 11, Madhya Marg, Sector 8C, Sector 8, Chandigarh, 160009 ",0172 418 4411 ,,4.2,1080,Medical clinic,"https://www.google.com/maps/place/Apollo+Clinic/@30.7073131,76.6854643,13z/data=!4m10!1m2!2m1!1smedical+clinics++in+Chandigarh!3m6!1s0x390fed0d63fa7fff:0x4a2871d698c798f6!8m2!3d30.7404142!4d76.7925268!15sCh5tZWRpY2FsIGNsaW5pY3MgIGluIENoYW5kaWdhcmhaHyIdbWVkaWNhbCBjbGluaWNzIGluIGNoYW5kaWdhcmiSAQ5tZWRpY2FsX2NsaW5pY-ABAA!16s%2Fg%2F1tf7f1g0?entry=ttu&g_ep=EgoyMDI2MDcyMi4wIKXMDSoASAFQAw%3D%3D"
Healing Hospital in Chandigarh,"16-17-18-19-20-21-22, Piccadily Rd, Sub. City Center, Sector 34A, Sector 35, Chandigarh, 160022 ",0172 508 8883 ,https://healinghospital.co.in/,4.4,2538,Hospital,"https://www.google.com/maps/place/Healing+Hospital+in+Chandigarh/@30.7073131,76.6854643,13z/data=!4m10!1m2!2m1!1smedical+clinics++in+Chandigarh!3m6!1s0x390fedae06440b71:0x96f0b99e412a2f99!8m2!3d30.7246392!4d76.7688994!15sCh5tZWRpY2FsIGNsaW5pY3MgIGluIENoYW5kaWdhcmhaHyIdbWVkaWNhbCBjbGluaWNzIGluIGNoYW5kaWdhcmiSAQhob3NwaXRhbJoBRENpOURRVWxSUVVOdlpFTm9kSGxqUmpsdlQyeENjVTVJUm0xWFJURnpWRzFHVEdFd1VrSmpha0pRVTIxT1YwMVlZeEFC4AEA-gEECAAQOQ!16s%2Fg%2F1tdmhw5f?entry=ttu&g_ep=EgoyMDI2MDcyMi4wIKXMDSoASAFQAw%3D%3D"
GEM Clinic | Best Doctors in Chandigarh,"229, Sector 15-A, Sector 15, Chandigarh, 160015 ",098780 70229 ,,4.9,43,Medical clinic,"https://www.google.com/maps/place/GEM+Clinic+%7C+Best+Doctors+in+Chandigarh/@30.7073131,76.6854643,13z/data=!4m10!1m2!2m1!1smedical+clinics++in+Chandigarh!3m6!1s0x390fedcd34deda83:0xf8a6ed68591cee1f!8m2!3d30.7548497!4d76.7732384!15sCh5tZWRpY2FsIGNsaW5pY3MgIGluIENoYW5kaWdhcmhaHyIdbWVkaWNhbCBjbGluaWNzIGluIGNoYW5kaWdhcmiSAQ5tZWRpY2FsX2NsaW5pY5oBRENpOURRVWxSUVVOdlpFTm9kSGxqUmpsdlQyNVdRazFWVG1wVk1FWlFVV3RrWmswd1ZUUlRhMHBDVW1wR2NrNVdSUkFC4AEA-gEECCoQPw!16s%2Fg%2F11yywhgdz2?entry=ttu&g_ep=EgoyMDI2MDcyMi4wIKXMDSoASAFQAw%3D%3D"
Rajnish Clinic - Family physician and General physician in Chandigarh,"SCO 79, Sector 40 Market Rd, Sector 40C, Sector 40B, Chandigarh, 160036 ",098785 22885 ,,4.6,460,Medical clinic,"https://www.google.com/maps/place/Rajnish+Clinic+-+Family+physician+and+General+physician+in+Chandigarh/@30.7073131,76.6854643,13z/data=!4m10!1m2!2m1!1smedical+clinics++in+Chandigarh!3m6!1s0x390feddfa45fafed:0x4b670f7ac1ab2fa!8m2!3d30.7354883!4d76.7355282!15sCh5tZWRpY2FsIGNsaW5pY3MgIGluIENoYW5kaWdhcmhaHyIdbWVkaWNhbCBjbGluaWNzIGluIGNoYW5kaWdhcmiSAQ5tZWRpY2FsX2NsaW5pY5oBRENpOURRVWxSUVVOdlpFTm9kSGxqUmpsdlQyMTBTMU16VWxOaFZUZzFUVE5DTkZSRWFIVlZNRXA1VTBSb1RGZ3lZeEFC4AEA-gEECAAQMQ!16s%2Fg%2F11c7ztmvl4?entry=ttu&g_ep=EgoyMDI2MDcyMi4wIKXMDSoASAFQAw%3D%3D"
Chhuttani Medical Centre,"S.C.O 52 - 53 - 54, Bridge Market, 17C, Sector 17, Chandigarh, 160017 ",0172 270 2543 ,http://www.cmcchandigarh.in/,3.5,,Hospital,"https://www.google.com/maps/place/Chhuttani+Medical+Centre/@30.7073131,76.6854643,13z/data=!4m10!1m2!2m1!1smedical+clinics++in+Chandigarh!3m6!1s0x390fed0baaaaaaab:0x61c61189e3a25028!8m2!3d30.7401874!4d76.7826268!15sCh5tZWRpY2FsIGNsaW5pY3MgIGluIENoYW5kaWdhcmhaHyIdbWVkaWNhbCBjbGluaWNzIGluIGNoYW5kaWdhcmiSAQhob3NwaXRhbJoBRENpOURRVWxSUVVOdlpFTm9kSGxqUmpsdlQyMUdiVlV3TlU5Tk1taHBZVE5zZUZwWFVuRlVNMEkxVXpOQ1lXRlZSUkFC4AEA-gEECCEQJw!16s%2Fg%2F1tpf5jgg?entry=ttu&g_ep=EgoyMDI2MDcyMi4wIKXMDSoASAFQAw%3D%3D"
Pristyn Care,"1599, Sector 22B, Sector 22, Chandigarh, 160022 ",080 6510 5081 ,https://www.pristyncare.com/chandigarh/clinic/sector-22-53p6xvny2a/?utm_source=gmb&utm_medium=organic&utm_campaign=763409498828763583&utm_term=clinic&utm_content=website_link,4.4,463,Surgical center,"https://www.google.com/maps/place/Pristyn+Care/@30.7073131,76.6854643,13z/data=!4m10!1m2!2m1!1smedical+clinics++in+Chandigarh!3m6!1s0x390fed2ec7fec0a5:0x9a97ca2b69549474!8m2!3d30.7330859!4d76.7750718!15sCh5tZWRpY2FsIGNsaW5pY3MgIGluIENoYW5kaWdhcmhaHyIdbWVkaWNhbCBjbGluaWNzIGluIGNoYW5kaWdhcmiSAQ9zdXJnaWNhbF9jZW50ZXKaASNDaFpEU1VoTk1HOW5TMFZKUTBGblNVTlNhSFF5WDFCUkVBReABAPoBBAgAEDk!16s%2Fg%2F11hf3659wd?entry=ttu&g_ep=EgoyMDI2MDcyMi4wIKXMDSoASAFQAw%3D%3D"
Global Healthcare Clinic,"2164, Sector 21 c, Chandigarh, Sector 21C, Chandigarh, 160022 ",0172 271 2164 ,http://www.globalhealthcareclinic.com/,4.8,323,Doctor,"https://www.google.com/maps/place/Global+Healthcare+Clinic/@30.7073131,76.6854643,13z/data=!4m10!1m2!2m1!1smedical+clinics++in+Chandigarh!3m6!1s0x390fedabe9ad4913:0xadf16097fd64c575!8m2!3d30.7240246!4d76.7754223!15sCh5tZWRpY2FsIGNsaW5pY3MgIGluIENoYW5kaWdhcmhaHyIdbWVkaWNhbCBjbGluaWNzIGluIGNoYW5kaWdhcmiSAQZkb2N0b3KaAURDaTlEUVVsUlFVTnZaRU5vZEhsalJqbHZUMnBPYzJJeFFucGtSRnB0Vmxaa1NsSnJWVEZPV0djeVdrUlNOVll6WXhBQuABAPoBBQiiAhA_!16s%2Fg%2F11cmcdsg_q?entry=ttu&g_ep=EgoyMDI2MDcyMi4wIKXMDSoASAFQAw%3D%3D"
MEDPLUS CLINIC & SERVICES,"149, Khuda Jassu, Khudda Lahora, Chandigarh, Khudda Lahora, Chandigarh 160103 ",070870 86663 ,https://medplusclinicservices.com/,5.0,115,Medical clinic,"https://www.google.com/maps/place/MEDPLUS+CLINIC+%26+SERVICES/@30.7073131,76.6854643,13z/data=!4m10!1m2!2m1!1smedical+clinics++in+Chandigarh!3m6!1s0x390ff3b8f282b6b9:0x5eb51d6ba2ae44cd!8m2!3d30.774312!4d76.7705879!15sCh5tZWRpY2FsIGNsaW5pY3MgIGluIENoYW5kaWdhcmhaHyIdbWVkaWNhbCBjbGluaWNzIGluIGNoYW5kaWdhcmiSAQ5tZWRpY2FsX2NsaW5pY-ABAA!16s%2Fg%2F11vlpvxynh?entry=ttu&g_ep=EgoyMDI2MDcyMi4wIKXMDSoASAFQAw%3D%3D"
Ujwal medical center (Ujwal Clinic),"Shop no 37/1A, Gali No. 4, Shanti Nagar, Sector 13, Chandigarh, 160101 ",083602 05028 ,https://ujwalmedical.wordpress.com/,5.0,12,Medical clinic,"https://www.google.com/maps/place/Ujwal+medical+center+(Ujwal+Clinic)/@30.774312,76.6984901,13z/data=!4m10!1m2!2m1!1smedical+clinics++in+Chandigarh!3m6!1s0x390f936a2f0467ff:0xca7476fc9051e60a!8m2!3d30.7169421!4d76.8333997!15sCh5tZWRpY2FsIGNsaW5pY3MgIGluIENoYW5kaWdhcmhaHyIdbWVkaWNhbCBjbGluaWNzIGluIGNoYW5kaWdhcmiSAQ5tZWRpY2FsX2NsaW5pY-ABAA!16s%2Fg%2F11w7kn38pn?entry=ttu&g_ep=EgoyMDI2MDcyMi4wIKXMDSoASAFQAw%3D%3D"
Ansaar Clinic Chandigarh,"PQ4F+FV5, 32C, Sector 32, Chandigarh, 160030 ",,https://ansaarclinic.com/,,,Medical clinic,"https://www.google.com/maps/place/Ansaar+Clinic+Chandigarh/@30.7169421,76.7613019,13z/data=!4m10!1m2!2m1!1smedical+clinics++in+Chandigarh!3m6!1s0x390fed0064a35781:0xb0347c43f5a6b2aa!8m2!3d30.7065501!4d76.7745289!15sCh5tZWRpY2FsIGNsaW5pY3MgIGluIENoYW5kaWdhcmiSAQ5tZWRpY2FsX2NsaW5pY-ABAA!16s%2Fg%2F11lnshnss3?entry=ttu&g_ep=EgoyMDI2MDcyMi4wIKXMDSoASAFQAw%3D%3D"
Santokh Hospital,"846, Dakshin Marg, Sector 38A, Sector 38, Chandigarh, 160014 ",085588 66846 ,https://santokhhospital.com/,4.7,,Hospital,"https://www.google.com/maps/place/Santokh+Hospital/@30.7169421,76.7613019,13z/data=!4m10!1m2!2m1!1smedical+clinics++in+Chandigarh!3m6!1s0x390fedee591d7d53:0xcbb4e5fc949ed282!8m2!3d30.747784!4d76.749011!15sCh5tZWRpY2FsIGNsaW5pY3MgIGluIENoYW5kaWdhcmhaHyIdbWVkaWNhbCBjbGluaWNzIGluIGNoYW5kaWdhcmiSAQhob3NwaXRhbOABAA!16s%2Fg%2F11ckvvlx8v?entry=ttu&g_ep=EgoyMDI2MDcyMi4wIKXMDSoASAFQAw%3D%3D"
Healthwise Clinic,"S.C.O 8 Sector 21 C, Chandigarh, 160022 ",091156 69900 ,https://drdeeptiarora.com/,4.7,65,Doctor,"https://www.google.com/maps/place/Healthwise+Clinic/@30.747784,76.6769132,13z/data=!4m10!1m2!2m1!1smedical+clinics++in+Chandigarh!3m6!1s0x390fedaa267c8bbf:0xba1290c126ddbc3e!8m2!3d30.7245114!4d76.7786158!15sCh5tZWRpY2FsIGNsaW5pY3MgIGluIENoYW5kaWdhcmhaHyIdbWVkaWNhbCBjbGluaWNzIGluIGNoYW5kaWdhcmiSAQZkb2N0b3LgAQA!16s%2Fg%2F11f1rfvl5j?entry=ttu&g_ep=EgoyMDI2MDcyMi4wIKXMDSoASAFQAw%3D%3D"
Famicare Clinic,"3, Sector 15-A, Sector 15, Chandigarh, 160015 ",0172 277 0002 ,,3.9,,Occupational medical physician,"https://www.google.com/maps/place/Famicare+Clinic/@30.747784,76.6769132,13z/data=!4m10!1m2!2m1!1smedical+clinics++in+Chandigarh!3m6!1s0x390fed9a88828b4f:0x1639fcf6ab401a8f!8m2!3d30.7548607!4d76.7702793!15sCh5tZWRpY2FsIGNsaW5pY3MgIGluIENoYW5kaWdhcmhaHyIdbWVkaWNhbCBjbGluaWNzIGluIGNoYW5kaWdhcmiSAR5vY2N1cGF0aW9uYWxfbWVkaWNhbF9waHlzaWNpYW6aASNDaFpEU1VoTk1HOW5TMFZKUTBGblNVUklMWFZQU0V0UkVBReABAPoBBAgtECc!16s%2Fg%2F1tj1_y6v?entry=ttu&g_ep=EgoyMDI2MDcyMi4wIKXMDSoASAFQAw%3D%3D"
Panacea Clinic,"1160, Sector 33C, Sector 33, Chandigarh, 160020 ",099884 43399 ,,5.0,33,Medical clinic,"https://www.google.com/maps/place/Panacea+Clinic/@30.747784,76.6769132,13z/data=!4m10!1m2!2m1!1smedical+clinics++in+Chandigarh!3m6!1s0x390fedec958b8a81:0xdad179c959e8b5fc!8m2!3d30.711078!4d76.769981!15sCh5tZWRpY2FsIGNsaW5pY3MgIGluIENoYW5kaWdhcmhaHyIdbWVkaWNhbCBjbGluaWNzIGluIGNoYW5kaWdhcmiSAQ5tZWRpY2FsX2NsaW5pY5oBI0NoWkRTVWhOTUc5blMwVkpRMEZuU1VOYWFEWmxOMlpCRUFF4AEA-gEECHUQLQ!16s%2Fg%2F11ghlt6nmw?entry=ttu&g_ep=EgoyMDI2MDcyMi4wIKXMDSoASAFQAw%3D%3D"
Cloudnine Hospital - Chandigarh | Best Maternity & Pregnancy Centre,"Plot No: 48, Industrial Area Phase II, Chandigarh, 160002 ",099728 99728 ,https://www.cloudninecare.com/centre/industrial-area-phase-ii?utm_city=chandigarh&utm_source=gmb&utm_medium=organic&utm_campaign=chandigarh+industrial-area-phase-ii+c9-hospital-gmb-website+c9-hospital-industrial-area-phase-ii&utm_content=website-button,4.7,3888,Maternity Centre,"https://www.google.com/maps/place/Cloudnine+Hospital+-+Chandigarh+%7C+Best+Maternity+%26+Pregnancy+Centre/@30.747784,76.6769132,13z/data=!4m10!1m2!2m1!1smedical+clinics++in+Chandigarh!3m6!1s0x390fecf305a2d351:0x46dbd6e5ebd44ac4!8m2!3d30.7003308!4d76.7877635!15sCh5tZWRpY2FsIGNsaW5pY3MgIGluIENoYW5kaWdhcmhaHyIdbWVkaWNhbCBjbGluaWNzIGluIGNoYW5kaWdhcmiSARJtYXRlcm5pdHlfaG9zcGl0YWyaAURDaTlEUVVsUlFVTnZaRU5vZEhsalJqbHZUMnhhVkdGdFdUVlpla1o1VkRBeGVGTXpVbVpPTVZwcllqTmtjRmRyUlJBQuABAPoBBAgAEDg!16s%2Fg%2F11df0q67ft?entry=ttu&g_ep=EgoyMDI2MDcyMi4wIKXMDSoASAFQAw%3D%3D"
Dr. Jaskaran's Svasthya Clinic - Pediatrician & Child Specialist in Chandigarh,"SCF no 4, 2 bays, 20C, Chandigarh, 160020 ",062833 67611 ,http://svasthyaclinics.com/,4.8,45,Pediatrician,"https://www.google.com/maps/place/Dr.+Jaskaran's+Svasthya+Clinic+-+Pediatrician+%26+Child+Specialist+in+Chandigarh/@30.7003308,76.7156657,13z/data=!4m10!1m2!2m1!1smedical+clinics++in+Chandigarh!3m6!1s0x390fed106ea5d3af:0x4dea02ae05f6d24f!8m2!3d30.7200333!4d76.7827131!15sCh5tZWRpY2FsIGNsaW5pY3MgIGluIENoYW5kaWdhcmhaHyIdbWVkaWNhbCBjbGluaWNzIGluIGNoYW5kaWdhcmiSAQxwZWRpYXRyaWNpYW6aAURDaTlEUVVsUlFVTnZaRU5vZEhsalJqbHZUMjVCZVdFd09UWmpWelUwVkd4Uk1rMUVhSHBsYmxVellqSkdNbE5XUlJBQuABAPoBBAhNEDY!16s%2Fg%2F11hf03166r?entry=ttu&g_ep=EgoyMDI2MDcyMi4wIKXMDSoASAFQAw%3D%3D"
Rampal Clinic,"SCF-5 RAMPAL CLINIC --D, Sector 20, Chandigarh, 160020 ",0172 270 8696 ,,4.0,58,Medical clinic,"https://www.google.com/maps/place/Rampal+Clinic/@30.7003308,76.7156657,13z/data=!4m10!1m2!2m1!1smedical+clinics++in+Chandigarh!3m6!1s0x390feda4a4306505:0xf83d295450e585d4!8m2!3d30.7226403!4d76.7791788!15sCh5tZWRpY2FsIGNsaW5pY3MgIGluIENoYW5kaWdhcmhaHyIdbWVkaWNhbCBjbGluaWNzIGluIGNoYW5kaWdhcmiSAQ5tZWRpY2FsX2NsaW5pY5oBJENoZERTVWhOTUc5blMwVkpRMEZuU1VSTU9UaFVTeTFCUlJBQuABAPoBBAheEC4!16s%2Fg%2F1tc_pd7w?entry=ttu&g_ep=EgoyMDI2MDcyMi4wIKXMDSoASAFQAw%3D%3D"
"Healing Chandigarh Advanced ENT (Ear, Nose, Throat) Center: Tonsil & Sleep Apnea Specialists","SCO 21-22 First Floor, Sector 34A, Sector 34, Chandigarh, 160022 ",094643 43434 ,https://healinghospital.co.in/best-ent-hospital-surgeon-chandigarh/,4.9,529,ENT Specialist,"https://www.google.com/maps/place/Healing+Chandigarh+Advanced+ENT+(Ear,+Nose,+Throat)+Center:+Tonsil+%26+Sleep+Apnea+Specialists/@30.7003308,76.7156657,13z/data=!4m10!1m2!2m1!1smedical+clinics++in+Chandigarh!3m6!1s0x390fed786e59f527:0x34b0fcd4e8c108b5!8m2!3d30.7247212!4d76.768698!15sCh5tZWRpY2FsIGNsaW5pY3MgIGluIENoYW5kaWdhcmhaHyIdbWVkaWNhbCBjbGluaWNzIGluIGNoYW5kaWdhcmiSARBvdG9sYXJ5bmdvbG9naXN04AEA!16s%2Fg%2F11vyrnp8lq?entry=ttu&g_ep=EgoyMDI2MDcyMi4wIKXMDSoASAFQAw%3D%3D"
Chhabra Clinic,"PQ7Q+8P5, Block B, CSIO Colony, 30C, Sector 30, Chandigarh, 160030 ",0172 265 1777 ,,4.7,15,Medical clinic,"https://www.google.com/maps/place/Chhabra+Clinic/@30.7003308,76.7156657,13z/data=!4m10!1m2!2m1!1smedical+clinics++in+Chandigarh!3m6!1s0x390fecfb0da56dab:0xcf094f2e2a481d9b!8m2!3d30.7132711!4d76.7893682!15sCh5tZWRpY2FsIGNsaW5pY3MgIGluIENoYW5kaWdhcmhaHyIdbWVkaWNhbCBjbGluaWNzIGluIGNoYW5kaWdhcmiSAQ5tZWRpY2FsX2NsaW5pY5oBRENpOURRVWxSUVVOdlpFTm9kSGxqUmpsdlQycGtlVkpZYUhWYVJYQjBWMWRPU1ZwcmFERmxhMlJEVlVjMVVGRnJSUkFC4AEA-gEECAAQPA!16s%2Fg%2F1pt_qpzlp?entry=ttu&g_ep=EgoyMDI2MDcyMi4wIKXMDSoASAFQAw%3D%3D"
"Mohali Medical Centre, Best Orthodontics in Mohali Chandigarh","Oppo BASSI CINEMA, Phase 2, Sector 54, Sahibzada Ajit Singh Nagar, Punjab 160055 ",,http://mmedicalcentre.com/,4.8,38,Nursing home,"https://www.google.com/maps/place/Mohali+Medical+Centre,+Best+Orthodontics+in+Mohali+Chandigarh/@30.7003308,76.7156657,13z/data=!4m10!1m2!2m1!1smedical+clinics++in+Chandigarh!3m6!1s0x390fef56b5fb0fa3:0x8ce19100b5a5edff!8m2!3d30.7246295!4d76.7275469!15sCh5tZWRpY2FsIGNsaW5pY3MgIGluIENoYW5kaWdhcmhaHyIdbWVkaWNhbCBjbGluaWNzIGluIGNoYW5kaWdhcmiSAQxudXJzaW5nX2hvbWWaAURDaTlEUVVsUlFVTnZaRU5vZEhsalJqbHZUMnBhYkZVeVZtMWphbEpvVFd4S2FFeFZXVEZWYlU1dFl6QlNSbFF6WXhBQuABAPoBBAh9EEc!16s%2Fg%2F11gxqkbm4s?entry=ttu&g_ep=EgoyMDI2MDcyMi4wIKXMDSoASAFQAw%3D%3D"
Ansaar Clinic Chandigarh,"PQ4F+FV5, 32C, Sector 32, Chandigarh, 160030 ",,https://ansaarclinic.com/,,,Medical clinic,"https://www.google.com/maps/place/Ansaar+Clinic+Chandigarh/@30.7246295,76.6554491,13z/data=!4m10!1m2!2m1!1smedical+clinics++in+Chandigarh!3m6!1s0x390fed0064a35781:0xb0347c43f5a6b2aa!8m2!3d30.7065501!4d76.7745289!15sCh5tZWRpY2FsIGNsaW5pY3MgIGluIENoYW5kaWdhcmiSAQ5tZWRpY2FsX2NsaW5pY-ABAA!16s%2Fg%2F11lnshnss3?entry=ttu&g_ep=EgoyMDI2MDcyMi4wIKXMDSoASAFQAw%3D%3D"
Mukat Hospital,"S.C.O 47 49, Dakshin Marg, Sector 34A, Sector 34, Chandigarh, 160022 ",090238 84444 ,https://www.mukathospital.com/#booking-form,4.5,1894,Hospital,"https://www.google.com/maps/place/Mukat+Hospital/@30.7065501,76.7024311,13z/data=!4m10!1m2!2m1!1smedical+clinics++in+Chandigarh!3m6!1s0x390fedb315555551:0x31a8410f96dd6b9!8m2!3d30.7229206!4d76.7705566!15sCh5tZWRpY2FsIGNsaW5pY3MgIGluIENoYW5kaWdhcmhaHyIdbWVkaWNhbCBjbGluaWNzIGluIGNoYW5kaWdhcmiSAQhob3NwaXRhbJoBI0NoWkRTVWhOTUc5blMwVkpRMEZuU1VSV2VXOWxZV1YzRUFF4AEA-gEECDMQRQ!16s%2Fg%2F1tk6ywtn?entry=ttu&g_ep=EgoyMDI2MDcyMi4wIKXMDSoASAFQAw%3D%3D"
Panacea Clinic,"1160, Sector 33C, Sector 33, Chandigarh, 160020 ",099884 43399 ,,5.0,33,Medical clinic,"https://www.google.com/maps/place/Panacea+Clinic/@30.7065501,76.7024311,13z/data=!4m10!1m2!2m1!1smedical+clinics++in+Chandigarh!3m6!1s0x390fedec958b8a81:0xdad179c959e8b5fc!8m2!3d30.711078!4d76.769981!15sCh5tZWRpY2FsIGNsaW5pY3MgIGluIENoYW5kaWdhcmhaHyIdbWVkaWNhbCBjbGluaWNzIGluIGNoYW5kaWdhcmiSAQ5tZWRpY2FsX2NsaW5pY5oBI0NoWkRTVWhOTUc5blMwVkpRMEZuU1VOYWFEWmxOMlpCRUFF4AEA-gEECHUQLQ!16s%2Fg%2F11ghlt6nmw?entry=ttu&g_ep=EgoyMDI2MDcyMi4wIKXMDSoASAFQAw%3D%3D"
Healing Hospital | Best Maternity & Child Care Hospital in Chandigarh,"SCO 17, Piccadily Rd, Sub. City Center, Sector 34A, Sector 34, Chandigarh, 160022 ",084272 43434 ,https://healinghospital.co.in/gynecology/,4.9,666,Maternity Centre,"https://www.google.com/maps/place/Healing+Hospital+%7C+Best+Maternity+%26+Child+Care+Hospital+in+Chandigarh/@30.7065501,76.7024311,13z/data=!4m10!1m2!2m1!1smedical+clinics++in+Chandigarh!3m6!1s0x390fedf02abe06c5:0xbe9d3e8104874115!8m2!3d30.7246361!4d76.7687978!15sCh5tZWRpY2FsIGNsaW5pY3MgIGluIENoYW5kaWdhcmhaHyIdbWVkaWNhbCBjbGluaWNzIGluIGNoYW5kaWdhcmiSARJtYXRlcm5pdHlfaG9zcGl0YWyaAURDaTlEUVVsUlFVTnZaRU5vZEhsalJqbHZUMnN4ZEUxdWJIVmpWekZ5WkVSb2RWVkhhRVJqTTFadlkyMUtSMlJZWXhBQuABAPoBBAhCED0!16s%2Fg%2F11w8r603gz?entry=ttu&g_ep=EgoyMDI2MDcyMi4wIKXMDSoASAFQAw%3D%3D"
Angel Care Medi Clinic,"Sco 1 & 2, Sector 51A, Sector 51, Chandigarh, 160043 ",0172 796 0701 ,,5.0,10,Hospital,"https://www.google.com/maps/place/Angel+Care+Medi+Clinic/@30.7065501,76.7024311,13z/data=!4m10!1m2!2m1!1smedical+clinics++in+Chandigarh!3m6!1s0x390fed77de4f8959:0x9760cb531cc8bab0!8m2!3d30.7095039!4d76.7453201!15sCh5tZWRpY2FsIGNsaW5pY3MgIGluIENoYW5kaWdhcmhaHyIdbWVkaWNhbCBjbGluaWNzIGluIGNoYW5kaWdhcmiSAQhob3NwaXRhbJoBI0NoWkRTVWhOTUc5blMwVkpRMEZuU1VRMWR6YzNUMlJCRUFF4AEA-gEECAAQEQ!16s%2Fg%2F11vbv3w2_f?entry=ttu&g_ep=EgoyMDI2MDcyMi4wIKXMDSoASAFQAw%3D%3D"
Mehar Clinic: Dr Siddiqui,"2421, Phase-2, Ram Darbar, Chandigarh, 160002 ",,,5.0,11,Medical clinic,"https://www.google.com/maps/place/Mehar+Clinic:+Dr+Siddiqui/@30.7065501,76.7024311,13z/data=!4m10!1m2!2m1!1smedical+clinics++in+Chandigarh!3m6!1s0x390fede3fb9684df:0xe21ce0cd6aa7586b!8m2!3d30.6924389!4d76.7944092!15sCh5tZWRpY2FsIGNsaW5pY3MgIGluIENoYW5kaWdhcmhaHyIdbWVkaWNhbCBjbGluaWNzIGluIGNoYW5kaWdhcmiSAQ5tZWRpY2FsX2NsaW5pY5oBRENpOURRVWxSUVVOdlpFTm9kSGxqUmpsdlQyNU9VRk5zVVRGVWVsWlhXVzFXVjFSRE1VNWtWVTVPVlVoR1JWcHRZeEFC4AEA-gEECGgQOQ!16s%2Fg%2F11s8_ml60m?entry=ttu&g_ep=EgoyMDI2MDcyMi4wIKXMDSoASAFQAw%3D%3D"
The ONE Chandigarh,"SCO 112, Madhya Marg, Sector 8C, Sector 8, Chandigarh, 160009 ",0172 450 8587 ,https://theonechandigarh.com/,4.8,18,Medical Center,"https://www.google.com/maps/place/The+ONE+Chandigarh/@30.7065501,76.7024311,13z/data=!4m10!1m2!2m1!1smedical+clinics++in+Chandigarh!3m6!1s0x390fed3c9f5f50d5:0x4ed38b0db99d9f3b!8m2!3d30.7376366!4d76.7947665!15sCh5tZWRpY2FsIGNsaW5pY3MgIGluIENoYW5kaWdhcmhaHyIdbWVkaWNhbCBjbGluaWNzIGluIGNoYW5kaWdhcmiSAQ5tZWRpY2FsX2NlbnRlcuABAA!16s%2Fg%2F11w23yhhqz?entry=ttu&g_ep=EgoyMDI2MDcyMi4wIKXMDSoASAFQAw%3D%3D"
Vivant Clinic,"SCO 290,First Floor, Sector 32D, Chandigarh, 160030 ",094177 79250 ,http://vivanthealthcare.in/,4.7,160,Skin care clinic,"https://www.google.com/maps/place/Vivant+Clinic/@30.7065501,76.7024311,13z/data=!3m1!5s0x390fec574c8030a7:0x150c49b26cfde583!4m10!1m2!2m1!1smedical+clinics++in+Chandigarh!3m6!1s0x390fec574b00d249:0xc3a46a5e65806a27!8m2!3d30.7089395!4d76.7745349!15sCh5tZWRpY2FsIGNsaW5pY3MgIGluIENoYW5kaWdhcmhaHyIdbWVkaWNhbCBjbGluaWNzIGluIGNoYW5kaWdhcmiSARBza2luX2NhcmVfY2xpbmljmgFEQ2k5RFFVbFJRVU52WkVOb2RIbGpSamx2VDJwU1RGRXhWWGRTYkhCellsaEtUVm95VW14a1ZXaFZWWHBKZVZJeFJSQULgAQD6AQQIABAy!16s%2Fg%2F11c2pnr1lm?entry=ttu&g_ep=EgoyMDI2MDcyMi4wIKXMDSoASAFQAw%3D%3D"
Dr Naiya Bansal - Best Skin Specialist Doctor in Chandigarh,"SCO - 325, 1st Floor, Sector 40D, Chandigarh, 160036 ",098880 01489 ,https://www.drnaiyabansalskinclinic.com/,4.5,438,Skin care clinic,"https://www.google.com/maps/place/Dr+Naiya+Bansal+-+Best+Skin+Specialist+Doctor+in+Chandigarh/@30.7065501,76.7024311,13z/data=!4m10!1m2!2m1!1smedical+clinics++in+Chandigarh!3m6!1s0x390feddbffffffeb:0xb49452c8b19705f1!8m2!3d30.7393105!4d76.731439!15sCh5tZWRpY2FsIGNsaW5pY3MgIGluIENoYW5kaWdhcmhaHyIdbWVkaWNhbCBjbGluaWNzIGluIGNoYW5kaWdhcmiSARBza2luX2NhcmVfY2xpbmlj4AEA!16s%2Fg%2F11f15lmtjh?entry=ttu&g_ep=EgoyMDI2MDcyMi4wIKXMDSoASAFQAw%3D%3D"
Bhardwaj Clinic,"Flat number 57, Sector 44 A, Sector 44, Chandigarh, 160043 ",098728 74439 ,,5.0,17,Medical clinic,"https://www.google.com/maps/place/Bhardwaj+Clinic/@30.7393105,76.6593412,13z/data=!4m10!1m2!2m1!1smedical+clinics++in+Chandigarh!3m6!1s0x390fedb79e59ca03:0xa0cc403147041718!8m2!3d30.7158936!4d76.7522527!15sCh5tZWRpY2FsIGNsaW5pY3MgIGluIENoYW5kaWdhcmhaHyIdbWVkaWNhbCBjbGluaWNzIGluIGNoYW5kaWdhcmiSAQ5tZWRpY2FsX2NsaW5pY5oBRENpOURRVWxSUVVOdlpFTm9kSGxqUmpsdlQyczVXbFJxUm0xa1JrWlBZbGR3Y1ZWRmVGbFNWMlJ1VmtWd1lWbFhZeEFC4AEA-gEECDsQEw!16s%2Fg%2F11rz2csc3r?entry=ttu&g_ep=EgoyMDI2MDcyMi4wIKXMDSoASAFQAw%3D%3D"
Medicare Clinic,"Shop No. 6, Bara Complex, Market, Buterla, Buterla Village, Sector 41B, Chandigarh, 160036 ",0172 269 3119 ,,5.0,,Medical clinic,"https://www.google.com/maps/place/Medicare+Clinic/@30.7393105,76.6593412,13z/data=!4m10!1m2!2m1!1smedical+clinics++in+Chandigarh!3m6!1s0x390feddc05947e85:0x81e5d2a047e25c71!8m2!3d30.7330596!4d76.7400762!15sCh5tZWRpY2FsIGNsaW5pY3MgIGluIENoYW5kaWdhcmiSAQ5tZWRpY2FsX2NsaW5pY-ABAA!16s%2Fg%2F1pv2q6m2f?entry=ttu&g_ep=EgoyMDI2MDcyMi4wIKXMDSoASAFQAw%3D%3D"
"Alive Wellness Clinics - Sector 9, Chandigarh","1st Floor, SCO 50-51, Madhya Marg, 9D, Sector 9, Chandigarh, 160009 ",097174 25333 ,https://branches.alivewellnessclinics.com/alivewellness-sector-9-chandigarh/aws08/category,4.5,90,Skin care clinic,"https://www.google.com/maps/place/Alive+Wellness+Clinics+-+Sector+9,+Chandigarh/@30.7393105,76.6593412,13z/data=!4m10!1m2!2m1!1smedical+clinics++in+Chandigarh!3m6!1s0x390fed25216db52b:0x1bf8660f3ad10c3!8m2!3d30.7445107!4d76.7888436!15sCh5tZWRpY2FsIGNsaW5pY3MgIGluIENoYW5kaWdhcmhaHyIdbWVkaWNhbCBjbGluaWNzIGluIGNoYW5kaWdhcmiSARBza2luX2NhcmVfY2xpbmlj4AEA!16s%2Fg%2F11h816zm9h?entry=ttu&g_ep=EgoyMDI2MDcyMi4wIKXMDSoASAFQAw%3D%3D"
Public Clinic,"Booth No.49, Sector 40B, Chandigarh, 160036 ",0172 269 4948 ,,3.1,22,Medical clinic,"https://www.google.com/maps/place/Public+Clinic/@30.7445107,76.7167458,13z/data=!4m10!1m2!2m1!1smedical+clinics++in+Chandigarh!3m6!1s0x390feddf00827a87:0xdbcd7029e0a530f!8m2!3d30.7349833!4d76.7363853!15sCh5tZWRpY2FsIGNsaW5pY3MgIGluIENoYW5kaWdhcmhaHyIdbWVkaWNhbCBjbGluaWNzIGluIGNoYW5kaWdhcmiSAQ5tZWRpY2FsX2NsaW5pY5oBI0NoWkRTVWhOTUc5blMwVkpRMEZuU1VSeWRVMTViVTUzRUFF4AEA-gEECAAQHw!16s%2Fg%2F1ptwfm1s8?entry=ttu&g_ep=EgoyMDI2MDcyMi4wIKXMDSoASAFQAw%3D%3D"
Dr Yogi Health Care - Sexologist Doctor in Chandigarh | Sex Clinic | Sex Specialist,"SCO 85, Sector 24C, Sector 24, Chandigarh, 160023 ",090411 23000 ,https://dryogihealthcare.com/,4.9,213,Medical clinic,"https://www.google.com/maps/place/Dr+Yogi+Health+Care+-+Sexologist+Doctor+in+Chandigarh+%7C+Sex+Clinic+%7C+Sex+Specialist/@30.7349833,76.6642875,13z/data=!4m10!1m2!2m1!1smedical+clinics++in+Chandigarh!3m6!1s0x390fed5578ccd997:0xd0001928f771f8fe!8m2!3d30.7451691!4d76.7617932!15sCh5tZWRpY2FsIGNsaW5pY3MgIGluIENoYW5kaWdhcmhaHyIdbWVkaWNhbCBjbGluaWNzIGluIGNoYW5kaWdhcmiSAQpzZXhvbG9naXN04AEA!16s%2Fg%2F11w9gbm_qd?entry=ttu&g_ep=EgoyMDI2MDcyMi4wIKXMDSoASAFQAw%3D%3D"
Dr Yogi Health Care - Sexologist Doctor in Chandigarh | Sex Clinic | Sex Specialist,"SCO 85, Sector 24C, Sector 24, Chandigarh, 160023 ",090411 23000 ,https://dryogihealthcare.com/,4.9,213,Sexologist,"https://www.google.com/maps/place/Dr+Yogi+Health+Care+-+Sexologist+Doctor+in+Chandigarh+%7C+Sex+Clinic+%7C+Sex+Specialist/@30.7349833,76.6642875,13z/data=!4m10!1m2!2m1!1smedical+clinics++in+Chandigarh!3m6!1s0x390fed5578ccd997:0xd0001928f771f8fe!8m2!3d30.7451691!4d76.7617932!15sCh5tZWRpY2FsIGNsaW5pY3MgIGluIENoYW5kaWdhcmhaHyIdbWVkaWNhbCBjbGluaWNzIGluIGNoYW5kaWdhcmiSAQpzZXhvbG9naXN04AEA!16s%2Fg%2F11w9gbm_qd?entry=ttu&g_ep=EgoyMDI2MDcyMi4wIKXMDSoASAFQAw%3D%3D"
Famicare Clinic,"3, Sector 15-A, Sector 15, Chandigarh, 160015 ",0172 277 0002 ,,3.9,62,Occupational medical physician,"https://www.google.com/maps/place/Famicare+Clinic/@30.7349833,76.6642875,13z/data=!4m10!1m2!2m1!1smedical+clinics++in+Chandigarh!3m6!1s0x390fed9a88828b4f:0x1639fcf6ab401a8f!8m2!3d30.7548607!4d76.7702793!15sCh5tZWRpY2FsIGNsaW5pY3MgIGluIENoYW5kaWdhcmhaHyIdbWVkaWNhbCBjbGluaWNzIGluIGNoYW5kaWdhcmiSAR5vY2N1cGF0aW9uYWxfbWVkaWNhbF9waHlzaWNpYW6aASNDaFpEU1VoTk1HOW5TMFZKUTBGblNVUklMWFZQU0V0UkVBReABAPoBBAgtECc!16s%2Fg%2F1tj1_y6v?entry=ttu&g_ep=EgoyMDI2MDcyMi4wIKXMDSoASAFQAw%3D%3D"
Dr. Jaskaran's Svasthya Clinic - Pediatrician & Child Specialist in Chandigarh,"SCF no 4, 2 bays, 20C, Chandigarh, 160020 ",062833 67611 ,http://svasthyaclinics.com/,4.8,45,Pediatrician,"https://www.google.com/maps/place/Dr.+Jaskaran's+Svasthya+Clinic+-+Pediatrician+%26+Child+Specialist+in+Chandigarh/@30.7349833,76.6642875,13z/data=!4m10!1m2!2m1!1smedical+clinics++in+Chandigarh!3m6!1s0x390fed106ea5d3af:0x4dea02ae05f6d24f!8m2!3d30.7200333!4d76.7827131!15sCh5tZWRpY2FsIGNsaW5pY3MgIGluIENoYW5kaWdhcmhaHyIdbWVkaWNhbCBjbGluaWNzIGluIGNoYW5kaWdhcmiSAQxwZWRpYXRyaWNpYW6aAURDaTlEUVVsUlFVTnZaRU5vZEhsalJqbHZUMjVCZVdFd09UWmpWelUwVkd4Uk1rMUVhSHBsYmxVellqSkdNbE5XUlJBQuABAPoBBAhNEDY!16s%2Fg%2F11hf03166r?entry=ttu&g_ep=EgoyMDI2MDcyMi4wIKXMDSoASAFQAw%3D%3D"
Pain Medics Clinic Chandigarh | Pain Relief Clinic | Back Pain and Joints Pain Specialist,"SCO 212, 40D, Sector 40D, Chandigarh, 160036 ",094787 67649 ,https://painmedicsclinic.com/,5.0,170,Medical clinic,"https://www.google.com/maps/place/Pain+Medics+Clinic+Chandigarh+%7C+Pain+Relief+Clinic+%7C+Back+Pain+and+Joints+Pain+Specialist/@30.7200333,76.7106153,13z/data=!4m10!1m2!2m1!1smedical+clinics++in+Chandigarh!3m6!1s0x390fed4f6a126eb3:0x25dd8994b283eebd!8m2!3d30.7370707!4d76.7331312!15sCh5tZWRpY2FsIGNsaW5pY3MgIGluIENoYW5kaWdhcmhaHyIdbWVkaWNhbCBjbGluaWNzIGluIGNoYW5kaWdhcmiSAQ5tZWRpY2FsX2NsaW5pY-ABAA!16s%2Fg%2F11r4wms_4b?entry=ttu&g_ep=EgoyMDI2MDcyMi4wIKXMDSoASAFQAw%3D%3D"
Healing's Advanced IVF & Fertility Center - Best IVF Center in Chandigarh,"1st & 2nd Floor, SCO 19, Piccadily Rd, Sub. City Center, Sector 34A, Sector 34, Chandigarh, 160022 ",073476 66421 ,https://healinghospital.co.in/best-gynecologist-in-chandigarh/,5.0,35,Fertility clinic,"https://www.google.com/maps/place/Healing's+Advanced+IVF+%26+Fertility+Center+-+Best+IVF+Center+in+Chandigarh/@30.7370707,76.6610334,13z/data=!4m10!1m2!2m1!1smedical+clinics++in+Chandigarh!3m6!1s0x390fed9cfdb57b1f:0x2f50f86e085e8850!8m2!3d30.7246546!4d76.7689335!15sCh5tZWRpY2FsIGNsaW5pY3MgIGluIENoYW5kaWdhcmhaHyIdbWVkaWNhbCBjbGluaWNzIGluIGNoYW5kaWdhcmiSARBmZXJ0aWxpdHlfY2xpbmljmgFEQ2k5RFFVbFJRVU52WkVOb2RIbGpSamx2VDJwVmVsSnJNVUpOZW1ST1ZXMXJORmxZY0RaVldFVTFVMFphUlZrell4QULgAQD6AQUItgIQSA!16s%2Fg%2F11yjnfjzyx?entry=ttu&g_ep=EgoyMDI2MDcyMi4wIKXMDSoASAFQAw%3D%3D"
Smt. Prem Lata Memorial Hospital - Medicine Doctor in Chandigarh | Pediatrician in Chandigarh,"3234, Sector 35D, Sector 35, Chandigarh, 160022 ",095015 11605 ,,4.9,32,Medical Center,"https://www.google.com/maps/place/Smt.+Prem+Lata+Memorial+Hospital+-+Medicine+Doctor+in+Chandigarh+%7C+Pediatrician+in+Chandigarh/@30.7370707,76.6610334,13z/data=!4m10!1m2!2m1!1smedical+clinics++in+Chandigarh!3m6!1s0x390fed5661e78fe5:0xc842471e8b1a9be8!8m2!3d30.7270356!4d76.7571312!15sCh5tZWRpY2FsIGNsaW5pY3MgIGluIENoYW5kaWdhcmhaHyIdbWVkaWNhbCBjbGluaWNzIGluIGNoYW5kaWdhcmiSAQ5tZWRpY2FsX2NlbnRlcpoBRENpOURRVWxSUVVOdlpFTm9kSGxqUmpsdlQyMDFiRTFyVWxGTlJqbGFVbFJhZDJOc1pIWmhWamxxV214bmVXRllZeEFC4AEA-gEECAAQJw!16s%2Fg%2F11kqc_j1jx?entry=ttu&g_ep=EgoyMDI2MDcyMi4wIKXMDSoASAFQAw%3D%3D"
Chhabra Clinic,"PQ7Q+8P5, Block B, CSIO Colony, 30C, Sector 30, Chandigarh, 160030 ",0172 265 1777 ,,4.7,15,Medical clinic,"https://www.google.com/maps/place/Chhabra+Clinic/@30.7370707,76.6610334,13z/data=!4m10!1m2!2m1!1smedical+clinics++in+Chandigarh!3m6!1s0x390fecfb0da56dab:0xcf094f2e2a481d9b!8m2!3d30.7132711!4d76.7893682!15sCh5tZWRpY2FsIGNsaW5pY3MgIGluIENoYW5kaWdhcmhaHyIdbWVkaWNhbCBjbGluaWNzIGluIGNoYW5kaWdhcmiSAQ5tZWRpY2FsX2NsaW5pY5oBRENpOURRVWxSUVVOdlpFTm9kSGxqUmpsdlQycGtlVkpZYUhWYVJYQjBWMWRPU1ZwcmFERmxhMlJEVlVjMVVGRnJSUkFC4AEA-gEECAAQPA!16s%2Fg%2F1pt_qpzlp?entry=ttu&g_ep=EgoyMDI2MDcyMi4wIKXMDSoASAFQAw%3D%3D"
Atulaya Healthcare Sector 45 Chandigarh - Authorized Collection Center & Laboratory (Home Collection Facility Available),"Shop No. 181, near Civil Hospital Burail, Burail, Burail Village, Sector 45, Chandigarh, 160047 ",062800 92536 ,https://atulaya.com/,4.9,162,Medical laboratory,"https://www.google.com/maps/place/Atulaya+Healthcare+Sector+45+Chandigarh+-+Authorized+Collection+Center+%26+Laboratory+(Home+Collection+Facility+Available)/@30.7132711,76.7172704,13z/data=!4m10!1m2!2m1!1smedical+clinics++in+Chandigarh!3m6!1s0x83403fb0bb574779:0xefa403deff98e81!8m2!3d30.7048195!4d76.7618849!15sCh5tZWRpY2FsIGNsaW5pY3MgIGluIENoYW5kaWdhcmhaHyIdbWVkaWNhbCBjbGluaWNzIGluIGNoYW5kaWdhcmiSAQttZWRpY2FsX2xhYuABAA!16s%2Fg%2F11w8xbgy1n?entry=ttu&g_ep=EgoyMDI2MDcyMi4wIKXMDSoASAFQAw%3D%3D"
Kandari Clinic,"Shop No. 73/4, near Gurudwara, Sector 42 B, Village Atawa, Attawa, Chandigarh, 160036 ",098769 90963 ,,5.0,,Medical clinic,"https://www.google.com/maps/place/Kandari+Clinic/@30.7132711,76.7172704,13z/data=!4m10!1m2!2m1!1smedical+clinics++in+Chandigarh!3m6!1s0x390fedcf4e55933d:0x29859050c15dbedd!8m2!3d30.7270965!4d76.7504688!15sCh5tZWRpY2FsIGNsaW5pY3MgIGluIENoYW5kaWdhcmiSAQ5tZWRpY2FsX2NsaW5pY-ABAA!16s%2Fg%2F1q5bmtjyg?entry=ttu&g_ep=EgoyMDI2MDcyMi4wIKXMDSoASAFQAw%3D%3D"
Dr Bhawna Agarwal's Sadhbhavna Clinic - best gynecologist in chandigarh,"House No, 220, Sector 40A Rd, Sector 40A, Block A, Sector 40B, Chandigarh, 160036 ",084273 94077 ,https://sadhbhavnaclinics.com/,4.8,311,Obstetrician-gynecologist,"https://www.google.com/maps/place/Dr+Bhawna+Agarwal's+Sadhbhavna+Clinic+-+best+gynecologist+in+chandigarh/@30.7270965,76.678371,13z/data=!4m10!1m2!2m1!1smedical+clinics++in+Chandigarh!3m6!1s0x390fee0a8b0f590d:0xd142d1a07a1d8140!8m2!3d30.7411252!4d76.7336964!15sCh5tZWRpY2FsIGNsaW5pY3MgIGluIENoYW5kaWdhcmhaHyIdbWVkaWNhbCBjbGluaWNzIGluIGNoYW5kaWdhcmiSAQxneW5lY29sb2dpc3TgAQA!16s%2Fg%2F11g6bzjjlv?entry=ttu&g_ep=EgoyMDI2MDcyMi4wIKXMDSoASAFQAw%3D%3D"
Healing's Advanced Knee & Spine Center - Knee Replacement Doctor | Best Orthopedic Doctor | Best Spine Hospital in Chandigarh,"SCO 13-14, Sector 34A, Sector 34, Chandigarh, 160022 ",070873 73434 ,https://healinghospital.co.in/totalkneereplacement/,4.9,569,Orthopedic clinic,"https://www.google.com/maps/place/Healing's+Advanced+Knee+%26+Spine+Center+-+Knee+Replacement+Doctor+%7C+Best+Orthopedic+Doctor+%7C+Best+Spine+Hospital+in+Chandigarh/@30.7270965,76.678371,13z/data=!4m10!1m2!2m1!1smedical+clinics++in+Chandigarh!3m6!1s0x390fede73487695d:0x6e48c5acf1f8e70c!8m2!3d30.7246365!4d76.768903!15sCh5tZWRpY2FsIGNsaW5pY3MgIGluIENoYW5kaWdhcmhaHyIdbWVkaWNhbCBjbGluaWNzIGluIGNoYW5kaWdhcmiSARFvcnRob3BlZGljX2NsaW5pY-ABAA!16s%2Fg%2F11h55bbq83?entry=ttu&g_ep=EgoyMDI2MDcyMi4wIKXMDSoASAFQAw%3D%3D"
Eden Critical Care Hospital,"Plot No 115, Industrial Area Phase I, Chandigarh, 160002 ",,https://edenhospital.net/,4.0,1031,General hospital,"https://www.google.com/maps/place/Eden+Critical+Care+Hospital/@30.7270965,76.678371,13z/data=!4m10!1m2!2m1!1smedical+clinics++in+Chandigarh!3m6!1s0x390fed0560b331ab:0xbb6e23b29a167746!8m2!3d30.7090753!4d76.8026094!15sCh5tZWRpY2FsIGNsaW5pY3MgIGluIENoYW5kaWdhcmhaHyIdbWVkaWNhbCBjbGluaWNzIGluIGNoYW5kaWdhcmiSARBnZW5lcmFsX2hvc3BpdGFsmgFEQ2k5RFFVbFJRVU52WkVOb2RIbGpSamx2VDIweFRsUlhUbE5VVlZZMVpWUmFhbFZFWXpKak1UbEZVa1pSZVZKV1JSQULgAQD6AQQIPRBJ!16s%2Fg%2F1z44bd8qh?entry=ttu&g_ep=EgoyMDI2MDcyMi4wIKXMDSoASAFQAw%3D%3D"
Chikitssa Arogyaa Clinic (A Complete Mother & Child Care Clinic) | Chandigarh,"house no 1048, Sector 37 B, 37B, Sector 37, Chandigarh, 160036 ",099151 61048 ,https://www.thechikitsaclinics.com/,4.8,236,Pediatrician,"https://www.google.com/maps/place/Chikitssa+Arogyaa+Clinic+(A+Complete+Mother+%26+Child+Care+Clinic)+%7C+Chandigarh/@30.7090753,76.7305116,13z/data=!4m10!1m2!2m1!1smedical+clinics++in+Chandigarh!3m6!1s0x390fedc004daea37:0xb355c1ac10a48207!8m2!3d30.7394538!4d76.7560508!15sCh5tZWRpY2FsIGNsaW5pY3MgIGluIENoYW5kaWdhcmhaHyIdbWVkaWNhbCBjbGluaWNzIGluIGNoYW5kaWdhcmiSAQxwZWRpYXRyaWNpYW7gAQA!16s%2Fg%2F11b6gfh6wy?entry=ttu&g_ep=EgoyMDI2MDcyMi4wIKXMDSoASAFQAw%3D%3D"
3 Pulse Ayurveda Clinic Chandigarh,"1st Floor, SCO 262, Sector 35D, Sector 35, Chandigarh, 160022 ",089551 33202 ,https://3pulseayurveda.com/,4.9,437,Doctor,"https://www.google.com/maps/place/3+Pulse+Ayurveda+Clinic+Chandigarh/@30.7394538,76.683953,13z/data=!3m1!5s0x390fedb775110a2d:0x33d0a4c31a431f0b!4m10!1m2!2m1!1smedical+clinics++in+Chandigarh!3m6!1s0x390fedb0505c2637:0x5d65263af8c3e5c9!8m2!3d30.7260398!4d76.7580969!15sCh5tZWRpY2FsIGNsaW5pY3MgIGluIENoYW5kaWdhcmhaHyIdbWVkaWNhbCBjbGluaWNzIGluIGNoYW5kaWdhcmiSAQZkb2N0b3KaAURDaTlEUVVsUlFVTnZaRU5vZEhsalJqbHZUMnhGTTFScVpIWk5SM0J5VTBSYU5sVXdUa3RTVkU1S1pGWTVTbE5WUlJBQuABAPoBBAgAEDo!16s%2Fg%2F11rw6kwrrw?entry=ttu&g_ep=EgoyMDI2MDcyMi4wIKXMDSoASAFQAw%3D%3D"
Dr. Shruti Kainth | Gynecologist in Chandigarh,"Cocoon hospital, 128/1, Industrial Area Phase I, Chandigarh, Punjab 160002 ",098768 22147 ,https://www.cocoon.co.in/chandigarh/doctor-profile/dr-shruti-kainth,4.9,313,Obstetrician-gynecologist,"https://www.google.com/maps/place/Dr.+Shruti+Kainth+%7C+Gynecologist+in+Chandigarh/@30.7394538,76.683953,13z/data=!3m1!5s0x390fedb775110a2d:0x33d0a4c31a431f0b!4m10!1m2!2m1!1smedical+clinics++in+Chandigarh!3m6!1s0x390feb1e9174af7f:0xa1107e6041eff484!8m2!3d30.702877!4d76.801809!15sCh5tZWRpY2FsIGNsaW5pY3MgIGluIENoYW5kaWdhcmhaHyIdbWVkaWNhbCBjbGluaWNzIGluIGNoYW5kaWdhcmiSAQxneW5lY29sb2dpc3SaASRDaGREU1VoTk1HOW5TMFZKUTBGblNVUndlblo1WlhoM1JSQULgAQD6AQUIxwUQQw!16s%2Fg%2F11h5mfxml2?entry=ttu&g_ep=EgoyMDI2MDcyMi4wIKXMDSoASAFQAw%3D%3D"
